Wall time,Step,Value
1701118111.1847842,249,0.0011482116533443332
1701118190.3943396,949,0.0005497907986864448
1701118237.7470307,1349,0.0008437263313680887
1701118241.6261868,1399,0.0010199954267591238
1701118322.2948174,2049,0.0009410750353708863
1701118363.7524385,2399,0.0009641283540986478
1701118370.1739182,2449,0.0007730885990895331
1701118446.5721533,3149,0.00046912330435588956
1701118452.3611844,3199,0.0011738406028598547
1701118473.580316,3399,0.0006946461508050561
1701118496.4401217,3599,0.0018676819745451212
1701118533.1202579,3899,0.0012757901567965746
1701118563.834776,4149,0.0009331016335636377
1701118602.1502392,4499,0.0008975378004834056
1701118652.9408743,4999,0.0003944677300751209
1701118675.3372145,5199,0.00048370720469392836
1701118695.4963267,5399,0.000616978039033711
1701118766.8391368,6099,0.0005291207926347852
1701118786.287753,6299,0.0012192584108561277
1701118791.712583,6349,0.000512812053784728
1701118799.7110407,6449,0.0005167002091184258
1701118811.3383472,6549,0.0014258390292525291
1701118843.2209744,6849,0.0006923328619450331
1701118956.5393355,7249,0.0006001177243888378
1701118973.5848246,7399,0.0008655221899971366
1701119022.781735,7899,0.0006032015080563724
1701119038.6342227,8049,0.00036731435102410614
1701119049.26498,8149,0.0011099536204710603
1701119057.4679813,8249,0.00063766457606107
1701119107.9549885,8649,0.0005856510251760483
1701119138.9386091,8899,0.00032901455415412784
1701119217.1184442,9599,0.000665475323330611
1701119279.9719055,10199,0.0006036934209987521
1701119290.8573077,10299,0.00036781717790290713
1701119333.04964,10699,0.0004180773685220629
1701119413.1254976,11499,0.0005867768195457757
1701119493.7207248,12249,0.000810131779871881
1701119499.1787353,12299,0.0005175127298571169
1701119567.459955,12949,0.0005819268408231437
1701119573.2453678,12999,0.0007776390993967652
1701119636.7678802,13599,0.0011883933329954743
1701119651.6424928,13749,0.0002898373641073704
1701119760.1399946,14149,0.000613204319961369
1701119773.504642,14299,0.0007096861954778433
1701119798.129351,14549,0.00041186431189998984
1701119823.623044,14799,0.0002127941115759313
1701119892.099411,15449,0.0010120156221091747
1701119934.650327,15849,0.00032950280001387
1701119946.396845,15949,0.0006374012446030974
1701119951.6929696,15999,0.0005001402460038662
1701119968.413366,16149,0.0008731978596188128
1701120096.11865,17299,0.0009024599567055702
1701120101.5863562,17349,0.0003258529177401215
1701120165.873187,17949,0.00014018786896485835
1701120199.5294344,18249,0.00039519573329016566
1701120205.482533,18299,0.00034104162477888167
1701120211.0799687,18349,0.00026984114083461463
1701120278.1580222,18949,0.0004692490037996322
1701120322.83051,19349,0.0010949941352009773
1701120345.7138762,19549,0.0007228854228742421
1701120358.001318,19649,0.0007929428247734904
1701120387.1098404,19899,0.00026816019089892507
1701120415.8232317,20149,0.0006986118387430906
1701120427.2350924,20249,0.000498883833643049
1701120548.9569478,20799,0.0007180384709499776
1701120583.9278114,21099,0.0004978633369319141
1701120590.5517058,21149,0.0005424661794677377
1701120668.6950376,21849,0.00013372953981161118
1701120674.5395687,21899,0.0008372206939384341
1701120685.6389184,21999,0.0004503265372477472
1701120721.868977,22349,0.00031964346999302506
1701120808.7174795,23099,0.0008778446936048567
1701120831.9637747,23299,0.0005513583892025054
1701120850.899884,23449,0.000769068137742579
1701120863.5358176,23549,0.0007338604773394763
1701120886.267757,23749,0.0003833489608950913
1701120892.2807229,23799,0.00046975351870059967
1701120916.50348,24049,0.0004566078132484108
1701120922.40491,24099,0.00024316844064742327
1701120957.316577,24399,0.0005370239960029721
1701121089.0778706,25549,0.00037113059079274535
1701121100.0746915,25649,0.00044449212145991623
1701121105.7261484,25699,0.000360131380148232
1701121109.849983,25749,0.000322240695822984
1701121124.396396,25899,0.0003299968666397035
1701121135.4657395,25999,0.0006630433490499854
1701121208.8241518,26699,0.000737480993848294
1701121213.0706315,26749,0.0003084869822487235
1701121225.6428418,26849,0.0004085482214577496
1701121235.548578,26949,0.000713458051905036
1701121245.735233,27049,0.0006281150272116065
1701121267.1241367,27249,0.0003106652293354273
1701121276.7445798,27349,0.00028891401598230004
1701121372.854372,27649,0.0006023194291628897
1701121393.7601311,27849,0.0002590603253338486
1701121424.2711215,28149,0.00027637468883767724
1701121434.7460296,28249,0.0005436624633148313
1701121452.9720352,28449,0.0008295414736494422
1701121523.5465622,29249,0.0006753389025107026
1701121551.5074382,29549,0.00048138279817067087
1701121566.9588094,29749,0.0006498686270788312
1701121576.4417536,29849,0.00039717182517051697
1701121670.2360656,30749,0.0002617225982248783
1701121712.0082524,31149,0.00035756229772232473
1701121716.6598825,31199,0.00037705840077251196
1701121738.9058094,31449,0.0005128616467118263
1701121743.2561104,31499,0.0003192545846104622
1701121786.6915717,31899,0.0006635747849941254
1701121819.8651884,32199,0.00098104786593467
1701121825.8124774,32249,0.0002723445068113506
1701121850.9662747,32499,0.00048311991849914193
1701121899.552946,32949,0.0005063218413852155
1701121945.341062,33399,0.00030676997266709805
1701121985.625852,33799,0.0002025450230576098
1701121991.196984,33849,0.0004143412224948406
1701122142.932596,34649,0.0003436880651861429
1701122153.5895362,34749,0.0007792172254994512
1701122296.5358207,36099,0.000432077533332631
1701122307.7920043,36199,0.00023551986669190228
1701122318.2493594,36299,0.00046991545241326094
1701122334.2839081,36449,0.0003324728459119797
1701122350.4042447,36599,0.0006069210357964039
1701122354.60556,36649,0.0003370058548171073
1701122417.3073804,37249,0.0005191981326788664
1701122518.1907232,38249,0.00039216046570800245
1701122574.5134094,38799,0.0006973424460738897
1701122578.6301737,38849,0.00038729049265384674
1701122611.2862039,39149,0.0005749032716266811
1701122642.1527276,39449,0.0003002057201229036
1701122733.9152305,40249,0.0005626228521578014
1701122740.5300856,40299,0.00038151053013280034
1701122751.8436906,40399,0.0004510182188823819
1701122811.4862967,40999,0.0005805287510156631
1701122946.6652508,41649,0.0003966843942180276
1701122985.4214978,42049,0.0005276452284306288
1701122999.5883536,42199,0.0006223024684004486
1701123069.0468302,42899,0.00029281608294695616
1701123093.916187,43149,0.00033537528361193836
1701123114.9863002,43349,0.000478226225823164
1701123144.3017364,43599,0.0008215609705075622
1701123226.8772984,44349,0.0005301760975271463
1701123288.484875,44899,0.0002099441335303709
1701123308.7173853,45099,0.0003115016734227538
1701123451.3355675,46549,0.0004937127232551575
1701123459.9924521,46649,0.00026082381373271346
1701123513.7563958,47149,0.00035372134880162776
1701123550.1713521,47499,0.0001613622298464179
1701123688.48453,48199,0.00036543438909575343
1701123796.4019876,49149,0.0007351486710831523
1701123859.3336554,49749,0.00022133131278678775
1701123882.4845002,49999,0.00039913333603180945
1701123897.1026707,50149,0.00024349032901227474
1701123907.8747427,50249,0.0008208562503568828
1701123958.9798708,50799,0.0002652183175086975
1701123995.452612,51149,0.00044073924073018134
1701124017.065032,51349,0.0003765732399187982
1701124025.6416094,51449,0.000703945872373879
1701124067.5860739,51899,0.0005383336683735251
1701124164.0999022,52849,0.00036826773430220783
1701124237.3655992,53549,0.0003900564624927938
1701124242.546441,53599,0.0005204828339628875
1701124253.1849468,53699,0.0003034033870790154
1701124271.1105323,53899,0.00025749870110303164
1701124317.122513,54349,0.0004393716808408499
1701124375.7856972,54949,0.0007376092253252864
1701124459.224525,55149,0.0002787763369269669
1701124468.8368857,55249,0.0004136106581427157
1701124485.4698634,55399,0.0001973056059796363
1701124495.944541,55499,0.0003160512133035809
1701124503.92657,55599,0.0008645533234812319
1701124553.8665118,56099,0.0005698590539395809
1701124575.8342679,56299,0.0003731665201485157
1701124613.2852917,56649,0.000438638060586527
1701124623.7094893,56749,0.00032143795397132635
1701124649.6831813,56999,0.0006175094749778509
1701124686.1937609,57349,0.00047706003533676267
1701124713.667257,57599,0.0007383833290077746
1701124718.8478286,57649,0.0004739092255476862
1701124782.6240592,58249,0.0005370066501200199
1701124835.8426924,58749,0.0004832038248423487
1701124846.8385475,58849,0.0004977756761945784
1701124852.1286345,58899,0.00045962980948388577
1701124886.9099848,59249,0.0005881200195290148
1701124911.4652417,59499,0.00020838709315285087
1701124935.2813265,59699,0.00026758189778774977
1701124940.2240832,59749,0.0003490441886242479
1701125006.8427718,60349,0.0005874242633581161
1701125047.8838189,60749,0.00033700038329698145
1701125069.3097873,60949,0.0006104153580963612
1701125104.5536249,61299,0.0002813480678014457
1701125274.6503005,62249,0.0003761154948733747
1701125284.4511402,62349,0.0005548364715650678
1701125309.951699,62599,0.0005710163386538625
1701125315.4536467,62649,0.0005013621412217617
1701125326.4543529,62749,0.0003250149602536112
1701125341.4920669,62899,0.0006510257953777909
1701125362.9567802,63099,0.0003167998802382499
1701125390.959227,63399,0.0004715082759503275
1701125411.9595273,63599,0.0004748538776766509
1701125436.0308843,63849,0.0004771628009621054
1701125463.168854,64149,0.0002134073874913156
1701125478.65136,64299,0.0004194332577753812
1701125503.9943511,64549,0.0003380847629159689
1701125547.472353,64949,0.0002765895042102784
1701125567.1724997,65149,0.0002930190530605614
1701125588.9482667,65349,0.0002512219361960888
1701125635.007637,65799,0.00042502034921199083
1701125670.0863984,66149,0.00031121709616854787
1701125687.302749,66299,0.0005469541647471488
1701125692.5730946,66349,0.0005320978816598654
1701125737.1963172,66799,0.0005853524198755622
1701125789.1085641,67299,0.0006519975140690804
1701125867.6670878,68049,0.0009003987070173025
1701125889.6218834,68249,0.0003015088732354343
1701126009.7686398,68799,0.000555956969037652
1701126015.3349864,68849,0.0004740433651022613
1701126034.4872224,69049,0.0005814433097839355
1701126104.2080872,69699,0.00010097658378072083
1701126225.0414042,70899,0.00048728386173024774
1701126340.3494165,71949,0.0004178312956355512
1701126345.5574682,71999,0.000583731452934444
1701126395.8034399,72499,0.00029055101913399994
1701126439.2654793,72899,0.0003396889369469136
1701126444.8508396,72949,0.0005698007298633456
1701126461.8344226,73099,0.0003489813825581223
1701126531.1972163,73749,0.0003517309669405222
1701126542.1713762,73849,0.00028532950091175735
1701126600.6017325,74399,0.00020495342323556542
1701126615.3620334,74549,0.0005385460099205375
1701126636.2677228,74749,0.0003217956400476396
1701126677.3882382,75149,0.00031588037381879985
1701126717.4731948,75499,0.00022380839800462127
1701126721.6820576,75549,0.00026577350217849016
1701126801.0182853,75699,0.0009669082937762141
1701126816.8183017,75849,0.0005316341994330287
1701126881.9186602,76449,0.0003683645627461374
1701126917.1970806,76749,0.0004664458683691919
1701126939.542123,76949,0.00032296773861162364
1701126984.2989466,77449,0.0008208007784560323
1701126996.4803102,77599,0.0005692352424375713
1701127069.3060143,78299,0.0003038068534806371
1701127087.3632276,78449,0.0005698951426893473
1701127115.3114567,78699,0.0005258094752207398
1701127132.2062063,78849,0.0005273154238238931
1701127180.5194094,79299,0.0005845829145982862
1701127235.6296654,79849,0.0003317433292977512
1701127263.381511,80099,0.00046136387391015887
1701127274.4012864,80199,0.0003699638764373958
1701127407.6506171,81399,0.00038209365447983146
1701127451.9573338,81799,0.00040224893018603325
1701127462.6658583,81899,0.00045594596303999424
1701127509.8881936,82349,0.00039148423820734024
1701127515.5130992,82399,0.0002893035125453025
1701127616.9421587,82749,0.0005239651072770357
1701127658.7998502,83149,0.0008110106573440135
1701127680.4776216,83349,0.00015531355165876448
1701127703.6224916,83549,0.00042401812970638275
1701127742.964118,83899,0.0005122215952724218
1701127754.4506996,83999,0.0006154425791464746
1701127786.5983703,84299,0.00044656964018940926
1701127830.8475642,84749,0.00020444866095203906
1701127873.9459279,85149,0.00026786193484440446
1701127885.0695689,85249,0.0003283993573859334
1701127902.1269653,85399,0.0006013989914208651
1701127918.0722778,85549,0.0010813702829182148
1701127923.51783,85599,0.00045486033195629716
1701127960.8447359,85949,0.00048391189193353057
1701127986.2261655,86199,0.0003516193828545511
1701128022.0744414,86549,0.000361463928129524
1701128069.2513766,86999,0.000736935471650213
1701128104.1822238,87299,0.000519965251442045
1701128154.657336,87749,0.00034789287019521
1701128212.6494,88299,0.0005207221256569028
1701128264.6568913,88799,0.000343546736985445
1701128273.9198158,88899,0.0002510248450562358
1701128313.8337288,89249,0.0004109527508262545
1701128405.1443086,89499,0.00053409329848364
1701128420.3224025,89649,0.00045757845509797335
1701128462.7782161,90049,0.0002636471763253212
1701128577.9097033,90999,0.0005013893824070692
1701128636.4177856,91549,0.0009036140399985015
1701128721.6042156,92399,0.0004118825600016862
1701128742.858203,92599,0.0005495691439136863
1701128792.280092,93049,0.0007374598062597215
1701128820.2710998,93299,0.00022234443167690188
1701128826.0549698,93349,0.00017750398546922952
1701128831.9076638,93399,0.0006474607507698238
1701128946.6739233,94449,0.0004219847032800317
1701129013.5805185,94999,0.0003484141197986901
1701129031.7832398,95149,0.0012229610001668334
1701129065.391215,95449,0.0002864818088710308
1701129070.5607843,95499,0.0006292348261922598
1701129118.321226,95949,0.0004214320797473192
1701129152.844086,96249,0.0004580297681968659
1701129232.1722033,96299,0.00027079437859356403
1701129293.039913,96849,0.0003278828808106482
1701129313.8880596,97049,0.0004128027649130672
1701129340.549948,97299,0.0004361774190329015
1701129351.0733824,97399,0.00030866346787661314
1701129400.2761793,97849,0.000400540535338223
1701129422.9745889,98049,0.0003372005303390324
1701129429.5717092,98099,0.0003000116557814181
1701129440.9763243,98199,0.00024838605895638466
1701129446.5138435,98249,0.0003386428579688072
1701129458.6775808,98349,0.00028603035025298595
1701129523.908351,98899,0.00035543646663427353
1701129534.4859085,98999,0.00047382008051499724
1701129578.5141382,99399,0.00040318170795217156
1701129583.1896312,99449,0.00045984791358932853
1701129599.5775542,99599,0.00033393141347914934
1701129810.4947898,101349,0.00028249601018615067
1701129947.0807164,102399,0.0006844303570687771
1701129988.449376,102799,0.0003631289000622928
1701130134.2449949,103549,0.0005084838485345244
1701130177.4556267,103999,0.00041605590377002954
1701130231.96662,104499,0.00038968955050222576
1701130273.2925153,104899,0.0004583169356919825
1701130287.9008288,105049,0.0006424256134778261
1701130304.4958992,105199,0.0003249316359870136
1701130337.6168988,105499,0.0007420149631798267
1701130363.9569843,105749,0.00028624519472941756
1701130369.5860183,105799,0.00026859890203922987
1701130391.9194748,105999,0.00014056111103855073
1701130397.4798532,106049,0.00029040174558758736
1701130435.111108,106399,0.00047346664359793067
1701130503.3226762,106999,0.0007134304032661021
1701130605.3719475,107999,0.00039614413981325924
1701130659.7574346,108499,0.0012342241825535893
1701130753.934964,109399,0.0002801869995892048
1701130791.0928423,109749,0.00034358460106886923
1701130898.098961,110099,0.0005515263183042407
1701130945.1596832,110499,0.000604098429903388
1701130954.3183239,110599,0.00031933526042848825
1701130976.61661,110799,0.0003327912127133459
1701131026.939379,111299,0.00037007956416346133
1701131091.2630663,111849,0.0006883967434987426
1701131108.5884964,111999,0.000750649836845696
1701131137.5190928,112249,0.0003479844599496573
1701131211.477105,112899,0.0006640859646722674
1701131343.046572,114099,0.00039833178743720055
1701131464.9983997,115299,0.0003254914190620184
1701131526.7370641,115849,0.0005114699597470462
1701131541.2668583,115999,0.0005907602608203888
1701131565.6016212,116249,0.00025545177049934864
1701131606.9880924,116649,0.0008875636849552393
1701131734.9115968,117149,0.00042936523095704615
1701131787.4865928,117649,0.00043543626088649035
1701131828.5658245,117999,0.0006204132805578411
1701131978.5846238,119499,0.0002609406947158277
1701132000.142971,119699,0.0003223999519832432
1701132005.7334793,119749,0.00043639325303956866
1701132027.9637105,119949,0.00044494715984910727
1701132208.2322025,121599,0.0005261402111500502
1701132228.7924175,121799,0.0004142610414419323
1701132233.9168968,121849,0.00032893777824938297
1701132260.2628565,122099,0.0003641494840849191
1701132335.3347368,122749,0.00023124829749576747
1701132381.9342084,123149,0.00041752896504476666
1701132398.1722388,123299,0.00023368846450466663
1701132575.8395848,124299,0.0006093429401516914
1701132620.404178,124699,0.0004936725017614663
1701132647.6067426,124949,0.00033501849975436926
1701132656.057347,125049,0.0002379262150498107
1701132673.8611968,125199,0.000784542877227068
1701132684.9584768,125299,0.00041116392822004855
1701132690.3019333,125349,0.00029524017008952796
1701132749.590304,125899,0.00019367052300367504
1701132755.0123236,125949,0.0005412306636571884
1701132760.9073415,125999,0.00043380382703617215
1701132772.6617188,126099,0.0006806718884035945
1701132784.4600248,126199,0.0004692432703450322
1701132812.8740118,126449,0.00034331338247284293
1701132824.4596336,126549,0.000335891469148919
1701132868.779108,126949,0.0005863970145583153
1701133011.0534976,128299,0.00032681593438610435
1701133016.4685616,128349,0.0002351865405216813
1701133069.2462497,128899,0.000563298468478024
1701133074.5056207,128949,0.0004550149606075138
1701133127.7290115,129449,0.00034365520696155727
1701133150.114428,129649,0.0003590635024011135
1701133185.4396927,129999,0.00022052496206015348
1701133223.9575393,130349,0.0002339706989005208
1701133360.8161445,130999,0.00029737933073192835
1701133406.4442232,131399,0.00042130908695980906
1701133412.4491115,131449,0.00047344990889541805
1701133448.6615376,131799,0.0001227175525855273
1701133464.0747023,131949,0.000203502262593247
1701133469.5685403,131999,0.0002262082271045074
1701133475.2536309,132049,0.00035244954051449895
1701133489.6445343,132199,0.0005052698543295264
1701133595.4839199,133149,0.00022379463189281523
1701133635.338728,133549,0.0004909129929728806
1701133641.0962257,133599,0.0005583991296589375
1701133658.0840478,133749,0.00033208943204954267
1701133691.3995996,134099,0.00041629368206486106
1701133707.7701657,134249,0.0002689317043405026
1701133718.694228,134349,0.0005954736261628568
1701133736.7229693,134499,0.0003745746798813343
1701133758.0557451,134699,0.00029653991805389524
1701133800.3027833,135149,0.0002163176832254976
1701133831.2693255,135449,0.0003120139008387923
1701133860.4798179,135699,0.0003155085723847151
1701133880.4662626,135899,0.0004733232781291008
1701133940.5950305,136499,0.0005020615644752979
1701133946.0705473,136549,0.000492757186293602
1701133967.1436887,136749,0.00040353889926336706
1701133993.333081,136999,0.0005790581926703453
1701133998.705018,137049,0.0002733456785790622
1701134003.210509,137099,0.0004462766810320318
1701134018.9083536,137249,0.000308594957459718
1701134127.829518,137699,0.0005253273411653936
1701134132.9236114,137749,0.00021057005506008863
1701134137.404572,137799,0.00024763119290582836
1701134161.2296002,138049,0.0007566516869701445
1701134187.1206605,138299,0.0003737521474249661
1701134201.3123584,138449,0.00019993996829725802
1701134224.8539543,138699,0.0004144582781009376
1701134235.3633769,138799,0.00018832592468243092
1701134252.491857,138949,0.00035004696110263467
1701134289.7611115,139299,0.00034301108098588884
1701134353.996162,139899,0.0004710853681899607
1701134425.4823747,140649,0.00021883746376261115
1701134491.6796541,141249,0.00023950844479259104
1701134545.6018867,141749,0.00037773424992337823
1701134566.7715316,141949,0.0003532925620675087
1701134598.3351157,142249,0.00031303189462050796
1701134636.149235,142599,0.00044275750406086445
1701134642.0478327,142649,0.00020341995696071535
1701134691.1867626,143099,0.0007257808465510607
1701134697.11134,143149,0.00026383213116787374
1701134794.5243874,144099,0.0005837862845510244
1701134799.399684,144149,0.00033857679227367043
1701134914.0072958,144599,0.0003562468336895108
1701134924.900579,144699,0.0003564890648704022
1701135053.750498,145949,0.0004679124685935676
1701135070.8585405,146099,0.0003445824549999088
1701135087.5245264,146249,0.00028684298740699887
1701135120.2154984,146549,0.0002515477826818824
1701135138.3299448,146749,0.0004968341090716422
1701135223.5965157,147649,0.00037196814082562923
1701135237.8054395,147799,0.0005994322709739208
1701135267.587334,148149,0.0005756360478699207
1701135284.0205612,148299,0.0003705804410856217
1701135293.3837047,148399,0.000298331375233829
1701135324.1182883,148699,0.0003654247848317027
1701135392.1144617,149349,0.00019884650828316808
1701135444.4289405,149849,0.0005145488539710641
1701135461.1654694,149999,0.0006222833762876689
1701135475.6988058,150149,0.00039760780055075884
1701135516.4344628,150549,0.00026732636615633965
1701135562.8779466,150999,0.00016839004820212722
1701135709.665578,151749,0.0005186332855373621
1701135781.501655,152399,0.00017731792468111962
1701135967.1989317,154199,0.00033936736872419715
1701135972.547201,154249,0.00039383082184940577
1701136002.6627514,154549,0.00033850810723379254
1701136035.191757,154849,0.0008237030124291778
1701136072.6395593,155199,0.00033268757397308946
1701136078.5326781,155249,0.0003313908528070897
1701136084.4680464,155299,0.0004307734780013561
1701136093.6028035,155399,0.000317358470056206
1701136113.2483187,155599,0.00036369950976222754
1701136135.6105146,155799,0.0004555663326755166
1701136158.757815,155999,0.0004508106503635645
1701136164.2673156,156049,0.0003963996423408389
1701136170.1761522,156099,0.00023500787210650742
1701136196.5953436,156349,0.00019909294496756047
1701136207.5419412,156449,0.0003545585786923766
1701136259.9412897,156949,0.0005344863166101277
1701136296.8720233,157299,0.00040898864972405136
1701136500.69367,158699,0.00022680821712128818
1701136529.292361,158949,0.0006667247507721186
1701136579.857574,159399,0.00021602687775157392
1701136596.8561099,159549,0.00031061554909683764
1701136608.2692347,159649,0.00031007727375254035
1701136644.49927,159999,0.0007713826489634812
1701136669.5632722,160249,0.000833501573652029
1701136709.9742093,160649,0.0007397160516120493
1701136731.3573003,160849,0.00034975146991200745
1701136736.6227922,160899,0.00026261579478159547
1701136754.2110853,161049,0.0001575466012582183
1701136765.5081675,161149,0.00024302114616148174
1701136806.057006,161499,0.00034085186780430377
1701136866.0951009,162099,0.0003931471146643162
1701136877.4781783,162199,0.0002717321622185409
1701136998.7275243,163299,0.0002702668425627053
1701137016.4203656,163449,0.00041328315273858607
1701137175.852792,164949,0.00012559584865812212
1701137279.2780354,165349,0.0005351055879145861
1701137457.8928573,167049,0.00015943998005241156
1701137485.2226658,167299,0.00020569343178067356
1701137543.619691,167849,0.0002604906330816448
1701137594.5250556,168299,0.00030681039788760245
1701137634.934523,168649,0.000725380377843976
1701137644.5544665,168749,0.0003643343225121498
1701137660.7271152,168899,0.00019066856475546956
1701137671.3831258,168999,0.0002522722352296114
1701137697.2128863,169249,0.0003689771983772516
1701137702.3290005,169299,0.0002602478489279747
1701137745.1994178,169699,0.00033153319964185357
1701137751.259376,169749,0.0005813738098368049
1701137807.2998457,170249,0.00036046389141120017
1701137828.3967524,170449,0.0003533272829372436
1701137883.0760393,170949,0.00024490850046277046
1701137907.8951402,171149,0.00033583116601221263
1701137926.9361346,171349,0.0006460726144723594
1701137968.449766,171749,0.00040276412619277835
1701138064.3599513,171999,0.000196759618120268
1701138145.6678114,172749,0.0004886383539997041
1701138151.3282397,172799,0.00011961186828557402
1701138185.6003335,173099,0.00022378383437171578
1701138221.862027,173449,0.00013639876851812005
1701138245.6397736,173649,0.0006296868086792529
1701138297.0132358,174149,0.00023356992460321635
1701138302.9714713,174199,0.00016895023873075843
1701138308.2924612,174249,0.0005938810645602643
1701138313.5976365,174299,0.00015787474694661796
1701138345.873011,174599,0.0001815597788663581
1701138356.6853435,174699,0.0006016783881932497
1701138393.4766889,175049,0.0005242332699708641
1701138410.865036,175199,0.0003009330539498478
1701138469.5359564,175749,0.0003199513885192573
1701138526.0690198,176349,0.0002870396710932255
1701138574.2448509,176799,0.0005923616699874401
1701138607.014485,177099,0.0004832636332139373
1701138623.5918937,177249,0.00032627093605697155
1701138658.2520704,177549,0.00021067050693091005
1701138699.6835454,177949,0.0002891428011935204
1701138743.0728483,178349,0.00032077651121653616
1701138757.6889555,178499,0.0003512325929477811
1701138853.8990843,178799,0.0005345697863958776
1701138858.6803415,178849,0.0002606270427349955
1701138901.9426916,179249,0.000682678772136569
1701138917.9210546,179399,0.00022521258506458253
1701138922.947039,179449,0.0006314690690487623
1701138990.599971,180049,0.00024917226983234286
1701139058.861487,180699,0.0005175117403268814
1701139064.496793,180749,0.0002020696410909295
1701139070.3369992,180799,0.0004742068122141063
1701139076.0489833,180849,0.00028375524561852217
1701139150.9261608,181549,0.000327857123920694
1701139281.4664366,182749,0.0002950991620309651
1701139296.957007,182899,0.0005272554117254913
1701139307.8419778,182999,0.00027808520826511085
1701139319.6466012,183099,0.0004738363204523921
1701139337.3280299,183249,0.0005483459681272507
1701139358.1440895,183449,7.926111720735207e-05
1701139372.5843523,183599,0.00044302528840489686
1701139377.527298,183649,0.0002675401046872139
1701139469.0034013,184549,0.00045310103450901806
1701139519.6029632,185049,0.00024195609148591757
1701139649.6231124,185649,0.00022004390484653413
1701139677.0381305,185899,0.0002397789794486016
1701139682.786942,185949,0.0003042674215976149
1701139698.9380848,186099,0.000425231468398124
1701139757.758552,186649,0.0004682228318415582
1701139763.2081773,186699,0.0001948363205883652
1701139825.3280551,187299,0.00023323493951465935
1701139830.718864,187349,0.00021385634317994118
1701139841.540369,187449,0.00037947908276692033
1701139846.4604046,187499,0.0006194318411871791
1701139862.4804657,187649,0.0004259300767444074
1701139867.997499,187699,0.0003461723681539297
1701139873.2981584,187749,0.00020247364591341466
1701139909.041581,188099,0.0002339315542485565
1701139919.5012343,188199,0.00028503561043180525
1701140003.545537,189049,0.0002486503799445927
1701140014.0775876,189149,0.0003392292419448495
1701140018.199111,189199,0.00029116327641531825
1701140037.0823154,189399,0.00025630363961681724
1701140053.626682,189549,0.00038271225639618933
1701140145.1775515,190399,0.0002455885987728834
1701140175.8417354,190699,0.0002516575623303652
1701140227.6320693,191199,0.0003239292709622532
1701140310.2430744,191999,0.0005433668848127127
1701140358.2980034,192449,0.0003265413106419146
1701140435.5580077,192549,0.0004974625771865249
1701140446.7469432,192649,0.000422514567617327
1701140470.7898614,192899,0.0004793283296748996
1701140485.2580295,193049,0.00046104652574285865
1701140532.624907,193499,0.0004281951696611941
1701140549.9452772,193649,0.0004870253033004701
1701140707.3055873,195149,0.0005091442726552486
1701140737.5553849,195449,0.0001527855492895469
1701140753.6653564,195599,0.0002872757031582296
1701140780.1075938,195799,0.00021510911756195128
1701140814.6356351,196099,0.00042066603782586753
1701140829.7609906,196249,0.00039553071837872267
1701140866.837831,196599,0.0005317359464243054
1701140877.6329963,196699,0.000411429675295949
1701140892.9716883,196849,0.00042079773265868425
1701140984.4458344,197699,0.00028162391390651464
1701141006.7524743,197899,0.00020424749527592212
1701141046.984069,198299,0.0002728212857618928
1701141052.0852547,198349,0.00018325686687603593
1701141098.9122758,198799,0.0005818640347570181
1701141131.8888283,199099,0.0003337218367960304
1701141137.2482798,199149,0.0005885932478122413
1701141155.6993237,199349,0.00013373490946833044
1701141255.6931949,199649,0.0003062950854655355
1701141295.2313964,200049,0.00035614881198853254
1701141337.429845,200449,0.0003956103464588523
1701141360.0841196,200649,0.0002490535844117403
1701141371.1971734,200749,0.00016103041707538068
1701141417.2819881,201199,0.0003595453454181552
1701141444.169768,201449,0.00013888355169910938
1701141475.841844,201749,0.00017005324480123818
1701141507.149551,202049,0.00038411369314417243
1701141544.192759,202399,0.00029208589694462717
1701141639.2471943,203299,0.00022341385192703456
1701141738.4022467,204249,0.00023783420328982174
1701141760.6602528,204449,0.00017584740999154747
1701141784.943381,204649,0.0003999312757514417
1701141877.8073237,205499,0.0006061184103600681
1701141910.20029,205799,0.0002467542071826756
1701141942.8549488,206099,0.0005645884666591883
1701141959.4803932,206249,0.0005860216915607452
1701142120.0658865,207149,0.0005849697627127171
1701142140.6542854,207349,0.00013955269241705537
1701142180.4968662,207699,0.0003218778292648494
1701142198.2699895,207849,0.0004214973305352032
1701142260.8122754,208399,0.00022288839682005346
1701142317.3943117,208899,0.0004915566532872617
1701142322.102015,208949,0.0003683098475448787
1701142335.645013,209099,0.0003770468756556511
1701142391.3171954,209649,0.0002600107982289046
1701142477.007673,210399,0.00042555099935270846
1701142550.5910206,211099,0.0007100718794390559
1701142582.4985209,211399,0.00032464589457958937
1701142593.3737018,211499,0.0006275795167312026
1701142599.5534418,211549,0.0005226447829045355
1701142631.707722,211849,0.00023511200561188161
1701142688.8158803,212349,0.0003455313853919506
1701142702.5339718,212499,0.0006037791026756167
1701142719.3784318,212649,0.0002011398901231587
1701142724.705158,212699,0.00038715105620212853
1701142747.2522488,212899,0.000391024281270802
1701142869.180134,213399,0.0003479401348158717
1701142938.6124887,214049,0.0004047054680995643
1701142942.5354993,214099,0.00029054703190922737
1701143036.7275314,214949,0.0002790236903820187
1701143093.0409904,215499,0.0006352909840643406
1701143138.9650702,215949,0.00026953505584970117
1701143163.7854953,216199,0.00034356341348029673
1701143191.4925678,216449,0.00045279308687895536
1701143224.6104412,216749,0.00041581885307095945
1701143273.3748112,217199,0.00030906364554539323
1701143317.848682,217599,0.00014928642485756427
1701143362.12154,218049,0.00021088533685542643
1701143420.3770435,218599,0.0005416619824245572
1701143448.031531,218849,0.0002706022060010582
1701143464.8908284,218999,9.666525875218213e-05
1701143547.960981,219799,0.00040835465188138187
1701143654.125618,220199,0.0005705227376893163
1701143676.026479,220399,0.000313079624902457
1701143689.274157,220549,0.0004459151823539287
1701143702.7989852,220699,0.0004235182423144579
1701143708.4874635,220749,0.0004224368021823466
1701143752.0850492,221149,0.00017229228978976607
1701143762.4890683,221249,0.00040732588968239725
1701143816.3092375,221799,0.00015754436026327312
1701143860.7458742,222199,0.0004180861287750304
1701143920.2675529,222749,8.362302469322458e-05
1701143938.7931645,222949,0.00030289258575066924
1701143978.551071,223349,0.0003231211449019611
1701144100.0751054,224499,0.00026318267919123173
1701144130.188615,224799,0.0006186743848957121
1701144150.802109,224999,0.0004031572607345879
1701144228.942906,225749,0.000728090584743768
1701144256.6942773,226049,0.00036118520074523985
1701144271.1689103,226199,0.00025574129540473223
1701144282.7155664,226299,0.0006072319811210036
1701144320.1262994,226649,0.0003601093194447458
1701144336.77996,226799,0.0003755822544917464
1701144423.266772,226999,0.000444357399828732
1701144440.8341615,227199,0.00030062213772907853
1701144446.2127113,227249,0.0003252127207815647
1701144462.926938,227399,0.0003207929548807442
1701144535.042988,228049,0.00037582189543172717
1701144545.345629,228149,0.00018502904276829213
1701144556.5309772,228249,0.00035424879752099514
1701144577.9221568,228449,0.0003190507704857737
1701144604.7663398,228749,8.285461808554828e-05
1701144646.1907623,229149,0.00021624573855660856
1701144694.0003824,229649,0.0002609757939353585
1701144765.1415675,230349,0.00031948916148394346
1701144781.4448342,230499,0.00024016498355194926
1701144797.4581504,230649,0.00045422406401485205
1701144973.9770765,232249,0.00018393182836007327
1701144999.809768,232499,0.00035518448567017913
1701145004.6058977,232549,0.0002810238511301577
1701145022.1156595,232749,0.00033571786480024457
1701145042.7511513,232949,0.00016424591012764722
1701145048.2575738,232999,0.00019788705685641617
1701145064.156814,233149,0.0001777433935785666
1701145090.7856293,233399,0.00029692755197174847
1701145096.1240754,233449,0.00019447448721621186
1701145216.9484096,233949,0.00036923191510140896
1701145255.6745436,234349,0.0006636058096773922
1701145277.108872,234549,0.0002229539823019877
1701145288.2430773,234649,0.0002697028685361147
1701145319.9059372,234949,0.00018194690346717834
1701145360.3558457,235349,0.0003174372832290828
1701145365.34259,235399,0.00029127526795491576
1701145399.0461583,235699,0.0011064985301345587
1701145414.3458529,235849,0.0006515731802210212
1701145487.8108952,236549,0.0004000538610853255
1701145507.6386588,236749,0.00021826282318215817
1701145522.0983446,236899,0.00025242194533348083
1701145642.0636587,237999,0.0004505485703703016
1701145679.7403286,238349,8.673463889863342e-05
1701145712.629559,238649,0.00024435369414277375
1701145733.2470207,238849,0.00030233131838031113
1701145739.2407398,238899,0.0003144221846014261
1701145806.5140543,239549,0.0007839152822270989
1701145878.4501565,240249,0.00025405691121704876
1701145895.0917406,240399,0.00030216615414246917
1701145910.3402452,240549,0.0003631936851888895
1701145990.55616,240649,0.0004241483111400157
1701146001.6437366,240749,0.0004499188216868788
1701146084.0987318,241549,0.000638912315480411
1701146094.7314026,241649,0.000421002390794456
1701146105.7160938,241749,0.00028620631201192737
1701146110.4547613,241799,0.000489746977109462
1701146115.110895,241849,0.0002659146848600358
1701146149.2750454,242199,0.0002587189374025911
1701146154.9208653,242249,0.0001571094908285886
1701146250.0077472,243149,0.00026949995663017035
1701146266.6326728,243299,0.00011760972847696394
1701146357.056492,244149,0.00029730197275057435
1701146428.2777164,244799,0.0005153686506673694
1701146495.3790584,245449,0.0002873872872442007
1701146506.018375,245549,0.0003381909627933055
1701146606.3582022,246499,0.00016840800526551902
1701146628.3904169,246699,0.0004786195349879563
1701146665.2046425,247049,0.0008885738207027316
1701146684.1697192,247249,0.0007186355069279671
1701146707.7142086,247499,0.0004177002119831741
1701146943.9094913,249049,0.00031509753898717463
1701146998.483067,249549,0.0003808897454291582
1701147004.175022,249599,0.0003521771286614239
1701147175.2664497,251199,0.00033449498005211353
1701147300.5581975,252399,0.00046671892050653696
1701147361.7135336,252999,0.0007196508813649416
1701147373.0865812,253099,0.0005932652275077999
1701147399.3257031,253349,0.0007129095611162484
1701147451.702866,253849,0.0005321782664395869
1701147468.8084912,253999,0.0002628174261189997
1701147473.8523338,254049,0.0003233153256587684
1701147578.7320397,254449,0.0002464207645971328
1701147589.69564,254549,0.0002002100954996422
1701147617.2161543,254799,0.0002285235095769167
1701147764.733682,256149,0.0002946872846223414
1701147820.216167,256649,0.0002513776416890323
1701147842.4411173,256849,0.00030302611412480474
1701147864.2449145,257049,0.0002062566636595875
1701147901.8331723,257399,0.0003286192659288645
1701147924.6238053,257599,0.0004067464324180037
1701147929.6460984,257649,0.0004286374896764755
1701147940.819743,257749,0.0002779379137791693
1701147946.4491794,257799,0.0003353492356836796
1701148011.1372843,258399,0.00020599609706550837
1701148056.3034844,258849,0.00023290292301680893
1701148115.3689046,259399,0.000500717549584806
1701148174.2811387,259949,0.00015439919661730528
1701148185.1167343,260049,0.00024154983111657202
1701148211.8470576,260299,0.000269268115516752
1701148221.1236928,260399,0.0004986911080777645
1701148245.194605,260649,0.0003142933710478246
1701148276.7410436,260949,0.00010777647548820823
1701148384.8623815,261299,0.00014052630285732448
1701148406.4521735,261499,0.00024539855076000094
1701148451.952237,261949,0.0003423385205678642
1701148533.869193,262699,0.000131814245833084
1701148537.9400575,262749,0.0004391337279230356
1701148560.1719775,262949,0.0004465745878405869
1701148580.2199626,263149,0.00027311017038300633
1701148596.0261817,263299,0.00025851212558336556
1701148706.9913566,264349,0.00030575806158594787
1701148747.3816686,264699,0.0004502474330365658
1701148757.2155895,264799,0.00033545863698236644
1701148767.3915725,264899,0.00043070680112577975
1701148875.1398625,265949,0.00043714590719901025
1701148881.049374,265999,0.00035356386797502637
1701148895.1051385,266149,0.0002086414024233818
1701148905.6520758,266249,0.0002787788980640471
1701148928.7948499,266449,0.00025063959765248
1701148934.5386634,266499,0.00027100558509118855
1701148957.6133773,266749,0.0005652017425745726
1701148968.7510035,266849,0.0008015729254111648
1701148980.0572138,266949,0.00018077227286994457
1701149006.767688,267199,0.00020229455549269915
1701149168.1519694,268149,0.0003551835543476045
1701149199.6833062,268449,0.00018314385670237243
1701149210.8141744,268549,0.000313158321660012
1701149224.8204377,268699,0.0003673281753435731
1701149271.2965872,269149,0.0002132078807335347
1701149325.1048656,269699,0.0003324800927657634
1701149370.7586508,270149,0.00033594347769394517
1701149375.7296002,270199,0.00029623141745105386
1701149396.3097885,270399,0.0004521085065789521
1701149444.1088827,270899,0.0004294688405934721
1701149481.6142287,271249,0.000482311996165663
1701149499.855394,271449,0.000337725505232811
1701149537.4562082,271799,0.00043246097629889846
1701149587.9616487,272299,0.0006574834114871919
1701149596.4480157,272399,0.00045492741628549993
1701149624.488356,272649,0.00031975616002455354
1701149632.4314232,272749,0.00025855618878267705
1701149643.2044902,272849,0.0004302249290049076
1701149648.7131703,272899,0.0004243313742335886
1701149659.6797228,272999,0.00014029437443241477
1701149715.9822123,273549,0.00027554912958294153
1701149850.8481536,274849,0.00033987898495979607
1701149958.6388137,275249,0.0002615218691062182
1701149973.398672,275399,0.0005509265465661883
1701149982.9618132,275499,0.0002652917173691094
1701149988.9871469,275549,0.00034415331901982427
1701150026.0070102,275899,0.000499802059493959
1701150048.2610364,276099,0.00013335389667190611
1701150058.3727274,276199,0.00029163435101509094
1701150073.9691849,276349,0.00028169757570140064
1701150174.073102,277299,0.00031520947231911123
1701150205.0939462,277649,0.00020428297284524888
1701150214.2113917,277749,0.0002448309678584337
1701150228.806319,277899,0.0002637685975059867
1701150273.471939,278399,0.00037817691918462515
1701150336.6007452,278999,0.0002678925229702145
1701150462.989459,280249,0.0002482012496329844
1701150729.550286,282199,0.00025343993911519647
1701150780.4686208,282699,0.0005689062527380884
1701150856.0791678,283399,0.00020001250959467143
1701150881.73544,283649,0.0003705953131429851
1701150892.669905,283749,0.0004265580791980028
1701150957.9637659,284399,0.00036844087298959494
1701151058.3823369,285349,0.0002382199454586953
1701151094.877782,285699,0.0001912626321427524
1701151110.7345192,285849,0.0003232669550925493
1701151145.2732656,286199,0.0002826155978254974
1701151180.5652647,286549,0.00013510911958292127
1701151197.3838565,286699,0.00044480012729763985
1701151234.525574,287049,0.00043402210576459765
1701151250.2318807,287199,0.00041872309520840645
1701151287.747731,287549,0.00023743406927678734
1701151298.8937047,287649,0.00031745387241244316
1701151312.3730729,287799,0.0002706690866034478
1701151317.3662992,287849,0.00033807859290391207
1701151323.1092865,287899,0.00026288439403288066
1701151328.1936815,287949,0.00023581227287650108
1701151365.1357088,288299,0.00025720163830555975
1701151401.1283276,288649,0.000156457579578273
1701151519.4317918,289099,0.0004197763337288052
1701151558.2211363,289499,0.000264011207036674
1701151663.851573,290499,0.0002665836946107447
1701151730.3148797,291099,0.0003130839904770255
1701151784.8237932,291649,0.00025748019106686115
1701151874.1125183,292499,0.0006253100000321865
1701151928.8684971,292999,0.00033876276575028896
1701151962.0086503,293349,0.00020453349861782044
1701151976.117501,293499,0.0005046666483394802
1701152024.612972,293999,0.00025361383450217545
1701152028.6029289,294049,0.0005292477435432374
1701152038.9129896,294149,0.0003056888817809522
1701152103.1848574,294799,0.0002817015047185123
1701152298.9543962,296099,0.0004843476344831288
1701152368.6111844,296749,0.0003360440896358341
1701152439.9007523,297449,0.00023609620984643698
1701152462.7680633,297699,0.0009917998686432838
1701152477.2961924,297849,0.0002595425758045167
1701152521.2852976,298249,0.0001671119243837893
1701152555.0394673,298549,0.00038412795402109623
1701152611.2107933,299099,0.00015599389735143632
1701152656.2043033,299549,0.00021946849301457405
1701152691.8296497,299899,0.00041963710100390017
1701152724.6155455,300199,0.00039091354119591415
1701152745.8926196,300399,0.00024842401035130024
1701152756.443303,300499,0.00029008270939812064
1701152761.369605,300549,0.0004544727853499353
1701152908.713987,302049,0.00022922756033949554
1701152930.6292214,302249,0.00014333335275296122
1701152936.3037906,302299,0.00029377214377745986
1701153043.0171885,302699,0.0002281099441461265
1701153130.7947206,303549,0.00024039324489422143
1701153162.973695,303849,0.000502701906953007
1701153173.9394631,303949,0.000385728373657912
1701153179.787421,303999,0.0004214256478007883
1701153234.7323916,304549,0.000973269110545516
1701153249.9033742,304699,0.0002821598609443754
1701153322.9054601,305399,0.000398938573198393
1701153344.457878,305599,0.00022602587705478072
1701153354.862053,305699,0.00048667931696400046
1701153418.130837,306299,0.0003906662459485233
1701153457.8738537,306699,0.00020397920161485672
1701153483.8342025,306949,0.00030766843701712787
1701153494.0915987,307049,0.0003762197447940707
1701153504.6571226,307149,0.00023676501587033272
1701153639.7253687,308449,0.0002561752335168421
1701153860.046935,309899,0.00024372313055209816
1701153903.4970174,310299,0.0002860979875549674
1701153931.635302,310599,0.00027834103093482554
1701153979.6892204,311099,0.0002666748478077352
1701153999.2559936,311299,0.00033872027415782213
1701154020.8071973,311499,0.0002528992190491408
1701154040.2420394,311699,0.000696867355145514
1701154054.5243294,311849,0.00017260700406040996
1701154064.75135,311949,0.0004530928563326597
1701154091.0413148,312199,0.00039046030724421144
1701154129.60295,312599,0.0003635007597040385
1701154228.6912985,313499,0.00036069907946512103
1701154283.89478,313999,0.000409077329095453
1701154294.3661869,314099,0.0001708900963421911
1701154330.8151226,314449,0.00025946483947336674
1701154376.862832,314849,0.00032757100416347384
1701154382.7539139,314899,0.0005782307125627995
1701154399.164584,315049,0.0002710420812945813
1701154472.0531595,315749,0.00024985973141156137
1701154612.207403,316449,0.00015734301996417344
1701154635.3320491,316649,0.00033948951750062406
1701154640.1206398,316699,0.00037112057907506824
1701154645.7349355,316749,0.00028808924253098667
1701154711.1629534,317399,0.00034306489396840334
1701154743.825911,317699,0.00029739836463704705
1701154770.6194997,317949,0.0003864281752612442
1701154776.3177476,317999,0.00024173760903067887
1701154787.421821,318099,0.0003256034106016159
1701154803.8625152,318249,0.00024928629864007235
1701154812.0606008,318349,0.00016786284686531872
1701154827.801152,318499,0.00020503847918007523
1701154887.3168511,319049,0.0002903815184254199
1701155025.3736982,320349,0.00043158329208381474
1701155116.1573339,321249,0.00033640372566878796
1701155187.8402834,321999,0.0003071558312512934
1701155204.3489826,322149,0.00040612672455608845
1701155209.7333236,322199,0.00035665457835420966
1701155230.2901635,322399,0.0002833345206454396
1701155242.6431458,322499,0.00038258262793533504
1701155295.3833845,322999,0.00038646499160677195
1701155430.4103847,323699,0.0003355502267368138
1701155506.7458944,324399,0.00024106373894028366
1701155523.92993,324599,0.0002681823680177331
1701155537.8821187,324749,0.0001773323747329414
1701155541.8406718,324799,0.00015525151684414595
1701155673.76895,326149,0.0003515479329507798
1701155699.7621343,326449,0.00024145844508893788
1701155714.4305336,326599,0.000365312269423157
1701155761.5870347,327049,0.00012843988952226937
1701155794.235005,327349,0.0002765888348221779
1701155821.094295,327599,0.0001855723821790889
1701155825.1998203,327649,0.00030218646861612797
1701155829.6942837,327699,0.00022700720001012087
1701155839.430443,327799,0.00029615184757858515
1701155884.1177614,328249,0.00033421546686440706
1701155900.176299,328399,0.00043228521826677024
1701155911.1524296,328499,0.0002479831746313721
1701155932.0045261,328699,0.00018663589435163885
1701155998.1345716,329299,0.00025999880745075643
1701156009.7150555,329399,0.0002888980961870402
1701156025.2213182,329549,0.0002470004837960005
1701156050.256462,329799,0.000341476290486753
1701156072.0854554,329999,0.0005310350679792464
1701156226.5810614,330799,0.0003294277412351221
1701156232.4713743,330849,0.00025771913351491094
1701156255.0945523,331049,8.381703810300678e-05
1701156302.371903,331499,0.00013887321983929724
1701156389.9026814,332349,0.00042620309977792203
1701156403.8073473,332499,0.00012635267921723425
1701156467.1368377,333099,0.00026442078524269164
1701156515.2214596,333549,0.00042160050361417234
1701156532.1906397,333699,0.00040608702693134546
1701156662.8684206,334899,0.0002855513303074986
1701156717.8734012,335449,0.0003740270039997995
1701156752.2251198,335799,0.00025346246547997
1701156768.3626583,335949,0.00032990422914735973
1701156776.710688,336049,0.000371285859728232
1701156785.9053662,336149,0.00029811300919391215
1701156794.837406,336249,0.0005007412401027977
1701156825.4413316,336549,0.0002100473502650857
1701156846.4142632,336749,0.00019734549277927727
1701156991.3540838,337549,0.0001677483378443867
1701157043.1886468,338049,0.0009133723215200007
1701157050.4211166,338099,0.0004100478836335242
1701157062.6926005,338199,0.00038439600029960275
1701157134.225947,338849,0.0002552704536356032
1701157152.4552855,338999,0.0002223400369985029
1701157185.8493774,339299,0.00045136059634387493
1701157280.4038591,340149,0.0002943769795820117
1701157297.8746297,340349,0.00031928980024531484
1701157326.7451515,340649,0.00012765654537361115
1701157373.139121,341099,0.00028192036552354693
1701157378.4047194,341149,0.0002727408136706799
1701157423.4371638,341599,0.0005579565186053514
1701157437.6479578,341749,0.0002222837065346539
1701157454.7394273,341899,0.00023462431272491813
1701157478.7587843,342149,0.0006227291887626052
1701157487.018879,342249,0.000666503794491291
1701157521.2081738,342549,0.00020063866395503283
1701157574.8065712,342999,0.0002226065844297409
1701157613.2905002,343349,0.00022617608192376792
1701157635.4005387,343549,0.0003568915417417884
1701157656.423809,343749,0.00026272941613569856
